<?xml version="1.0" encoding="UTF-8"?>

<assembly xmlns="http://maven.apache.org/POM/4.0.0" xmlns:xsi="http://www.w3.org/2001/XMLSchema-instance"
   xsi:schemaLocation="
              http://maven.apache.org/POM/4.0.0 http://maven.apache.org/xsd/assembly-1.1.1.xsd
          ">
   <id>dist</id>
   <baseDirectory>/</baseDirectory>
   <formats>
      <format>zip</format>
   </formats>
   
   <fileSets>
      <fileSet>
         <directory>${project.basedir}</directory>
         <includes>
            <include>src/**</include>
            <include>pom.xml</include>
         </includes>
         <outputDirectory>/jboss-tck-runner</outputDirectory>
      </fileSet>
      <fileSet>
         <directory>${project.basedir}/../jboss-as</directory>
         <includes>
            <include>build.properties</include>
            <include>build.xml</include>
         </includes>
         <outputDirectory>/jboss-as</outputDirectory>
      </fileSet>
   </fileSets>

</assembly>
